,date,open,close,high,low,volume,code
0,2018-01-02,17.684,17.986,18.064,17.684,1393284.0,600030
1,2018-01-03,17.908,18.152,18.386,17.899,1519669.0,600030
2,2018-01-04,18.182,18.211,18.377,18.016,1147914.0,600030
3,2018-01-05,18.221,18.416,18.62,18.133,1728848.0,600030
4,2018-01-08,18.533,19.059,19.313,18.445,2489706.0,600030
5,2018-01-09,19.069,18.962,19.381,18.806,1439193.0,600030
6,2018-01-10,18.991,19.128,19.254,18.757,1502584.0,600030
7,2018-01-11,18.981,18.806,19.069,18.65,1133795.0,600030
8,2018-01-12,18.777,18.855,19.098,18.65,1046038.0,600030
9,2018-01-15,18.777,18.972,19.206,18.513,2241354.0,600030
10,2018-01-16,18.786,19.752,19.869,18.718,2330733.0,600030
11,2018-01-17,19.996,20.425,21.352,19.996,4978876.0,600030
12,2018-01-18,20.63,20.883,21.108,20.386,2956692.0,600030
13,2018-01-19,20.835,20.766,21.313,20.405,3630176.0,600030
14,2018-01-22,20.581,20.679,20.913,20.425,1809997.0,600030
15,2018-01-23,20.844,20.688,21.322,20.386,3356645.0,600030
16,2018-01-24,20.874,22.356,22.385,20.63,5070885.0,600030
17,2018-01-25,21.947,21.781,22.288,21.693,3173316.0,600030
18,2018-01-26,21.781,21.79,22.181,21.664,2519974.0,600030
19,2018-01-29,21.917,21.566,22.171,21.469,2644808.0,600030
20,2018-01-30,21.371,21.098,21.79,21.0,2451539.0,600030
21,2018-01-31,20.922,20.766,21.166,20.425,2472534.0,600030
22,2018-02-01,20.874,20.971,21.03,20.493,2786750.0,600030
23,2018-02-02,20.659,20.991,21.098,20.298,2010010.0,600030
24,2018-02-05,20.493,21.254,21.322,20.444,2208919.0,600030
25,2018-02-06,20.718,20.045,21.088,19.879,3364727.0,600030
26,2018-02-07,20.454,19.069,20.503,19.03,2679636.0,600030
27,2018-02-08,19.001,18.767,19.264,18.591,1847440.0,600030
28,2018-02-09,18.123,16.923,18.279,16.894,3478271.0,600030
29,2018-02-12,16.992,16.904,17.118,16.699,1619696.0,600030
30,2018-02-13,17.079,17.187,17.596,17.04,2035418.0,600030
31,2018-02-14,17.167,17.196,17.235,16.904,1036877.0,600030
32,2018-02-22,17.547,17.567,17.674,17.313,1560165.0,600030
33,2018-02-23,17.655,17.743,17.996,17.489,1585053.0,600030
34,2018-02-26,17.947,18.191,18.416,17.567,2119920.0,600030
35,2018-02-27,18.142,17.801,18.152,17.694,1550422.0,600030
36,2018-02-28,17.606,17.665,17.908,17.352,1585728.0,600030
37,2018-03-01,17.45,17.684,17.801,17.362,1115791.0,600030
38,2018-03-02,17.46,17.391,17.684,17.372,899891.0,600030
39,2018-03-05,17.391,17.43,17.626,17.372,694798.0,600030
40,2018-03-06,17.587,17.967,18.016,17.44,1772032.0,600030
41,2018-03-07,17.85,17.821,18.201,17.752,1275174.0,600030
42,2018-03-08,17.85,17.938,17.957,17.713,797843.0,600030
43,2018-03-09,17.996,18.396,18.484,17.889,1673599.0,600030
44,2018-03-12,18.581,18.825,18.952,18.435,1913708.0,600030
45,2018-03-13,18.728,18.484,18.747,18.425,1096966.0,600030
46,2018-03-14,18.328,18.24,18.542,18.182,885779.0,600030
47,2018-03-15,18.142,18.338,18.425,18.103,777289.0,600030
48,2018-03-16,18.308,17.889,18.474,17.85,1039978.0,600030
49,2018-03-19,17.928,18.084,18.25,17.752,939978.0,600030
50,2018-03-20,17.879,18.221,18.299,17.791,916879.0,600030
51,2018-03-21,18.24,18.045,18.65,17.996,1503518.0,600030
52,2018-03-22,18.24,18.299,18.659,18.113,1509102.0,600030
53,2018-03-23,17.635,17.265,17.957,17.06,2104342.0,600030
54,2018-03-26,17.021,17.577,17.616,17.021,1105871.0,600030
55,2018-03-27,17.85,17.869,17.977,17.665,1185303.0,600030
56,2018-03-28,17.655,17.421,17.86,17.382,1027639.0,600030
57,2018-03-29,17.577,17.86,17.918,17.372,1444534.0,600030
58,2018-03-30,17.947,18.123,18.201,17.85,1302674.0,600030
59,2018-04-02,18.299,18.464,18.874,18.162,1967082.0,600030
60,2018-04-03,18.211,18.737,18.796,18.172,1777341.0,600030
61,2018-04-04,18.777,18.542,18.903,18.533,1498178.0,600030
62,2018-04-09,18.533,18.864,18.874,18.435,1364115.0,600030
63,2018-04-10,18.913,19.254,19.332,18.796,1885856.0,600030
64,2018-04-11,18.913,18.972,19.157,18.874,1493054.0,600030
65,2018-04-12,18.972,18.64,19.147,18.581,1181393.0,600030
66,2018-04-13,18.777,18.455,18.864,18.435,930450.0,600030
67,2018-04-16,18.338,17.938,18.494,17.908,1232827.0,600030
68,2018-04-17,17.947,17.957,18.377,17.928,1145175.0,600030
69,2018-04-18,18.24,18.328,18.425,17.996,1196789.0,600030
70,2018-04-19,18.289,18.542,18.689,18.25,1059824.0,600030
71,2018-04-20,18.474,17.83,18.474,17.801,1047305.0,600030
72,2018-04-23,17.811,18.074,18.152,17.811,756210.0,600030
73,2018-04-24,18.103,18.767,18.786,18.103,1535187.0,600030
74,2018-04-25,18.64,18.669,18.728,18.494,823930.0,600030
75,2018-04-26,18.737,18.279,18.786,18.23,896618.0,600030
76,2018-04-27,18.474,18.523,18.689,18.289,904609.0,600030
77,2018-05-02,18.894,18.669,18.991,18.591,935466.0,600030
78,2018-05-03,18.591,19.108,19.176,18.572,1529332.0,600030
79,2018-05-04,18.991,18.894,19.167,18.845,914994.0,600030
80,2018-05-07,19.059,19.147,19.235,18.972,1018067.0,600030
81,2018-05-08,19.264,19.45,19.508,19.118,1303963.0,600030
82,2018-05-09,19.401,19.264,19.44,19.176,817700.0,600030
83,2018-05-10,19.313,19.352,19.411,19.069,919648.0,600030
84,2018-05-11,19.352,19.011,19.352,18.991,816376.0,600030
85,2018-05-14,19.03,19.381,19.459,19.03,1152167.0,600030
86,2018-05-15,19.401,19.332,19.44,19.098,784602.0,600030
87,2018-05-16,19.215,19.04,19.332,19.02,725965.0,600030
88,2018-05-17,19.05,18.777,19.118,18.757,675202.0,600030
89,2018-05-18,18.796,19.245,19.274,18.777,957075.0,600030
90,2018-05-21,19.459,19.323,19.547,19.284,1142834.0,600030
91,2018-05-22,19.313,19.215,19.313,19.011,772915.0,600030
92,2018-05-23,19.108,19.03,19.323,18.942,750812.0,600030
93,2018-05-24,18.972,18.894,19.079,18.806,630305.0,600030
94,2018-05-25,18.884,18.591,19.011,18.581,665682.0,600030
95,2018-05-28,18.63,18.777,18.864,18.552,632412.0,600030
96,2018-05-29,18.708,18.406,18.796,18.299,821832.0,600030
97,2018-05-30,18.055,17.674,18.23,17.587,1044486.0,600030
98,2018-05-31,17.85,18.182,18.201,17.772,872127.0,600030
99,2018-06-01,18.045,18.113,18.416,17.908,779368.0,600030
100,2018-06-04,18.191,18.23,18.386,18.055,539591.0,600030
101,2018-06-05,18.24,18.308,18.347,18.025,560936.0,600030
102,2018-06-06,18.24,18.24,18.367,18.055,524775.0,600030
103,2018-06-07,18.406,18.533,18.816,18.347,1255737.0,600030
104,2018-06-08,18.533,18.133,18.591,17.928,873115.0,600030
105,2018-06-11,18.035,18.24,18.386,17.977,537647.0,600030
106,2018-06-12,18.24,18.357,18.396,18.025,527010.0,600030
107,2018-06-13,18.269,18.094,18.328,18.055,456100.0,600030
108,2018-06-14,18.025,18.211,18.338,17.996,479130.0,600030
109,2018-06-15,18.133,17.977,18.279,17.947,660438.0,600030
110,2018-06-19,17.733,16.826,17.84,16.465,1604514.0,600030
111,2018-06-20,16.679,16.66,16.923,16.397,949964.0,600030
112,2018-06-21,16.592,15.88,16.718,15.704,1214616.0,600030
113,2018-06-22,15.899,16.133,16.162,15.743,649668.0,600030
114,2018-06-25,16.231,15.763,16.24,15.753,640913.0,600030
115,2018-06-26,15.587,15.958,16.026,15.509,689422.0,600030
116,2018-06-27,15.86,15.645,15.967,15.509,611452.0,600030
117,2018-06-28,15.567,15.763,16.211,15.567,867622.0,600030
118,2018-06-29,15.782,16.162,16.221,15.753,764343.0,600030
119,2018-07-02,16.094,15.645,16.123,15.499,882922.0,600030
120,2018-07-03,15.733,15.919,15.997,15.528,759097.0,600030
121,2018-07-04,15.841,15.694,15.919,15.636,509036.0,600030
122,2018-07-05,15.714,15.626,15.977,15.616,543174.0,600030
123,2018-07-06,15.684,15.772,15.977,15.294,1018939.0,600030
124,2018-07-09,15.831,16.104,16.123,15.831,737705.0,600030
125,2018-07-10,16.123,16.114,16.24,15.977,546062.0,600030
126,2018-07-11,15.655,15.684,15.782,15.519,672538.0,600030
127,2018-07-12,15.704,16.172,16.367,15.694,931593.0,600030
128,2018-07-13,16.289,16.192,16.338,16.104,502170.0,600030
129,2018-07-16,16.27,16.114,16.318,16.016,471783.0,600030
130,2018-07-17,16.123,15.928,16.153,15.802,580867.0,600030
131,2018-07-18,16.016,15.792,16.104,15.763,598068.0,600030
132,2018-07-19,15.821,15.85,16.036,15.753,581909.0,600030
133,2018-07-20,15.87,16.416,16.562,15.772,1483474.0,600030
134,2018-07-23,16.309,16.718,16.757,16.231,1234323.0,600030
135,2018-07-24,16.796,16.894,17.265,16.728,1505444.0,600030
136,2018-07-25,16.913,16.845,16.962,16.748,595180.0,600030
137,2018-07-26,16.874,16.504,16.904,16.406,890148.0,600030
138,2018-07-27,16.426,16.426,16.621,16.377,567718.0,600030
139,2018-07-30,16.465,16.553,16.709,16.367,573972.0,600030
140,2018-07-31,16.465,16.445,16.543,16.348,536332.0,600030
141,2018-08-01,16.533,16.153,16.679,16.123,736068.0,600030
142,2018-08-02,16.075,15.723,16.153,15.548,805585.0,600030
143,2018-08-03,15.723,15.626,15.841,15.606,470724.0,600030
144,2018-08-06,15.675,15.519,15.85,15.411,653254.0,600030
145,2018-08-07,15.558,15.977,15.997,15.519,768527.0,600030
146,2018-08-08,15.909,15.636,15.938,15.587,574060.0,600030
147,2018-08-09,15.587,15.977,16.055,15.567,746080.0,600030
148,2018-08-10,15.948,15.967,16.055,15.811,429300.0,600030
149,2018-08-13,15.782,15.811,15.919,15.597,617407.0,600030
150,2018-08-14,15.782,15.792,15.831,15.665,332969.0,600030
151,2018-08-15,15.782,15.48,15.811,15.47,587402.0,600030
152,2018-08-16,15.314,15.558,15.792,15.207,711336.0,600030
153,2018-08-17,15.694,15.363,15.743,15.333,531964.0,600030
154,2018-08-20,15.421,15.675,15.684,15.421,500832.0,600030
155,2018-08-21,15.675,15.763,15.899,15.606,630981.0,600030
156,2018-08-22,15.763,15.772,15.811,15.675,325250.0,600030
157,2018-08-23,15.802,15.88,15.948,15.645,643886.0,600030
158,2018-08-24,15.88,16.0,16.25,15.76,661036.0,600030
159,2018-08-27,16.08,16.33,16.35,16.0,873600.0,600030
160,2018-08-28,16.32,16.21,16.4,16.15,505718.0,600030
161,2018-08-29,16.19,16.07,16.25,16.02,484894.0,600030
162,2018-08-30,16.07,15.94,16.14,15.94,345355.0,600030
163,2018-08-31,15.95,15.98,16.1,15.9,448780.0,600030
164,2018-09-03,15.95,16.09,16.11,15.91,387548.0,600030
165,2018-09-04,16.06,16.27,16.34,15.96,619720.0,600030
166,2018-09-05,16.18,15.92,16.23,15.92,519918.0,600030
167,2018-09-06,15.92,15.86,16.03,15.83,345834.0,600030
168,2018-09-07,15.87,15.89,16.16,15.83,458488.0,600030
169,2018-09-10,15.8,15.42,15.88,15.38,621209.0,600030
170,2018-09-11,15.43,15.52,15.6,15.37,351567.0,600030
171,2018-09-12,15.42,15.52,15.68,15.42,313535.0,600030
172,2018-09-13,15.69,15.71,15.75,15.55,430519.0,600030
173,2018-09-14,15.75,15.68,15.81,15.63,329635.0,600030
174,2018-09-17,15.63,15.59,15.69,15.49,276496.0,600030
175,2018-09-18,15.53,15.9,15.94,15.52,482101.0,600030
176,2018-09-19,15.86,16.13,16.25,15.81,923815.0,600030
177,2018-09-20,16.22,16.14,16.35,16.07,589209.0,600030
178,2018-09-21,16.12,16.68,16.69,16.07,1203042.0,600030
179,2018-09-25,16.45,16.41,16.57,16.36,562905.0,600030
180,2018-09-26,16.47,16.56,16.87,16.41,973113.0,600030
181,2018-09-27,16.53,16.53,16.59,16.3,618867.0,600030
182,2018-09-28,16.58,16.69,16.83,16.54,728660.0,600030
183,2018-10-08,16.34,15.96,16.4,15.92,866981.0,600030
184,2018-10-09,15.98,16.04,16.1,15.91,500917.0,600030
185,2018-10-10,16.04,16.15,16.17,15.98,504243.0,600030
186,2018-10-11,15.65,15.17,15.8,14.99,1154499.0,600030
187,2018-10-12,15.03,15.21,15.33,14.75,800359.0,600030
188,2018-10-15,15.25,15.02,15.33,15.0,512232.0,600030
189,2018-10-16,15.07,14.9,15.3,14.8,491321.0,600030
190,2018-10-17,15.23,15.09,15.26,14.8,560514.0,600030
191,2018-10-18,15.05,14.84,15.2,14.83,524393.0,600030
192,2018-10-19,14.76,15.38,15.5,14.72,1165880.0,600030
193,2018-10-22,15.64,16.92,16.92,15.64,2522345.0,600030
194,2018-10-23,17.5,16.71,17.65,16.53,3136251.0,600030
195,2018-10-24,16.56,16.93,17.42,16.53,2519260.0,600030
196,2018-10-25,16.54,17.35,17.38,16.3,2128962.0,600030
197,2018-10-26,17.24,16.88,17.28,16.7,1467624.0,600030
198,2018-10-29,16.83,16.65,17.15,16.54,1109778.0,600030
199,2018-10-30,16.79,17.3,17.79,16.51,2252638.0,600030
200,2018-10-31,17.14,17.16,17.45,16.86,1452444.0,600030
201,2018-11-01,17.54,17.36,18.29,17.3,2531447.0,600030
202,2018-11-02,17.89,17.79,17.96,17.5,1742362.0,600030
203,2018-11-05,17.62,17.71,17.86,17.41,1089393.0,600030
204,2018-11-06,17.8,17.71,18.07,17.55,1125849.0,600030
205,2018-11-07,17.63,17.3,17.67,17.21,1068929.0,600030
206,2018-11-08,17.48,16.97,17.5,16.91,1115537.0,600030
207,2018-11-09,16.91,16.92,17.12,16.81,788310.0,600030
208,2018-11-12,16.98,17.13,17.16,16.9,933866.0,600030
209,2018-11-13,16.92,17.39,17.77,16.89,1833410.0,600030
210,2018-11-14,17.27,17.05,17.42,16.98,1162759.0,600030
211,2018-11-15,17.02,17.4,17.45,16.94,1617501.0,600030
212,2018-11-16,17.39,17.58,17.96,17.22,2533627.0,600030
213,2018-11-19,17.59,18.07,18.07,17.52,2553648.0,600030
214,2018-11-20,17.89,17.37,18.05,17.27,1777408.0,600030
215,2018-11-21,17.15,17.14,17.35,16.95,1498952.0,600030
216,2018-11-22,17.18,17.04,17.2,16.85,953347.0,600030
217,2018-11-23,16.96,16.6,17.17,16.48,1090118.0,600030
218,2018-11-26,16.6,16.57,16.82,16.46,672353.0,600030
219,2018-11-27,16.64,16.71,16.84,16.54,664616.0,600030
220,2018-11-28,16.64,17.01,17.12,16.6,1053953.0,600030
221,2018-11-29,17.07,16.63,17.31,16.61,966426.0,600030
222,2018-11-30,16.58,16.87,16.95,16.5,750195.0,600030
223,2018-12-03,17.8,17.44,17.83,17.34,1866667.0,600030
224,2018-12-04,17.44,17.6,17.62,17.35,972454.0,600030
225,2018-12-05,17.28,17.45,17.6,17.25,813033.0,600030
226,2018-12-06,17.25,17.01,17.27,16.95,918608.0,600030
227,2018-12-07,17.19,17.05,17.24,17.02,512283.0,600030
228,2018-12-10,16.82,16.77,16.97,16.66,695504.0,600030
229,2018-12-11,16.81,16.88,16.91,16.77,358675.0,600030
230,2018-12-12,17.0,16.97,17.11,16.92,551859.0,600030
231,2018-12-13,17.0,17.18,17.32,16.87,1229787.0,600030
232,2018-12-14,17.09,16.85,17.12,16.85,656050.0,600030
233,2018-12-17,16.78,16.98,17.02,16.76,541826.0,600030
234,2018-12-18,16.83,16.65,16.97,16.51,748085.0,600030
235,2018-12-19,16.65,16.42,16.71,16.4,539403.0,600030
236,2018-12-20,16.41,16.5,16.65,16.2,755764.0,600030
237,2018-12-21,16.4,16.1,16.45,15.89,885358.0,600030
238,2018-12-24,16.0,16.01,16.1,15.88,505264.0,600030
239,2019-01-10,17.15,16.8,17.15,16.75,2186844.0,600030
240,2019-01-11,16.8,16.97,17.03,16.74,1127695.0,600030
241,2019-01-14,17.11,17.0,17.26,16.97,861108.0,600030
242,2019-01-15,17.04,17.6,17.72,17.01,1805469.0,600030
243,2019-01-16,17.63,17.64,17.75,17.48,1104443.0,600030
244,2019-01-17,17.75,17.56,17.87,17.51,883325.0,600030
245,2019-01-18,17.67,17.88,17.94,17.51,1110555.0,600030
246,2019-01-21,17.88,17.84,18.14,17.69,1132135.0,600030
247,2019-01-22,17.75,17.47,17.83,17.37,921813.0,600030
248,2019-01-23,17.55,17.52,17.63,17.36,519431.0,600030
249,2019-01-24,17.6,17.89,18.08,17.52,1157569.0,600030
250,2019-01-25,17.95,18.04,18.25,17.89,1131968.0,600030
251,2019-01-28,18.29,18.0,18.42,17.82,1007456.0,600030
252,2019-01-29,17.92,18.1,18.21,17.82,769070.0,600030
253,2019-01-30,17.97,17.94,18.15,17.91,487550.0,600030
254,2019-01-31,18.07,18.26,18.4,17.99,925071.0,600030
255,2019-02-01,18.6,18.58,18.77,18.42,1048306.0,600030
256,2019-02-11,18.52,18.86,18.94,18.51,837103.0,600030
257,2019-02-12,18.88,18.97,19.15,18.78,880374.0,600030
258,2019-02-13,18.97,19.49,19.5,18.8,1431069.0,600030
259,2019-02-14,19.48,19.3,19.49,19.21,916356.0,600030
260,2019-02-15,19.27,18.64,19.27,18.59,1607906.0,600030
261,2019-02-18,18.84,19.82,19.84,18.84,2229679.0,600030
262,2019-02-19,19.82,19.78,20.39,19.61,2120706.0,600030
263,2019-02-20,19.88,20.08,20.28,19.74,1351408.0,600030
264,2019-02-21,19.95,20.39,21.1,19.8,2326751.0,600030
265,2019-02-22,20.58,22.43,22.43,20.21,3930822.0,600030
266,2019-02-25,23.55,24.67,24.67,23.1,4913446.0,600030
267,2019-02-26,25.42,24.5,26.38,24.24,5873954.0,600030
268,2019-02-27,24.3,24.05,25.0,23.41,4567924.0,600030
269,2019-02-28,23.74,23.51,23.91,23.0,2984919.0,600030
270,2019-03-01,23.75,24.46,24.66,23.2,3943658.0,600030
271,2019-03-04,24.7,24.49,26.1,23.81,5083363.0,600030
272,2019-03-05,24.65,24.8,24.98,24.18,3148280.0,600030
273,2019-03-06,24.8,26.7,27.28,24.6,5565951.0,600030
274,2019-03-07,26.38,26.76,27.88,25.95,6217520.0,600030
275,2019-03-08,25.0,24.08,25.52,24.08,6328067.0,600030
276,2019-03-11,24.0,24.09,24.48,23.2,3791527.0,600030
277,2019-03-12,24.17,24.68,25.34,24.17,4310350.0,600030
278,2019-03-13,24.73,23.92,24.77,23.86,2999074.0,600030
279,2019-03-14,23.75,23.37,24.25,23.11,2833472.0,600030
280,2019-03-15,23.61,23.81,24.1,23.43,2464579.0,600030
281,2019-03-18,23.75,24.63,24.69,23.3,2994299.0,600030
282,2019-03-19,24.65,24.23,24.75,24.09,2152355.0,600030
283,2019-03-20,24.15,24.56,24.95,24.09,2588968.0,600030
284,2019-03-21,24.65,24.9,25.44,24.42,3563239.0,600030
285,2019-03-22,24.77,24.8,25.02,24.3,2043175.0,600030
286,2019-03-25,24.3,23.7,24.54,23.61,2525337.0,600030
287,2019-03-26,23.9,22.91,23.9,22.76,2572074.0,600030
288,2019-03-27,23.12,22.97,23.27,22.63,1870655.0,600030
289,2019-03-28,22.75,22.83,23.23,22.45,1676061.0,600030
290,2019-03-29,22.93,24.78,24.85,22.93,4233645.0,600030
291,2019-04-01,24.77,25.28,25.76,24.57,4904512.0,600030
292,2019-04-02,25.52,25.2,25.81,25.05,2857664.0,600030
293,2019-04-03,24.91,26.16,26.42,24.89,3906931.0,600030
294,2019-04-04,26.21,26.0,26.29,25.7,2750094.0,600030
295,2019-04-08,26.25,25.31,26.33,25.0,2903872.0,600030
296,2019-04-09,25.28,25.41,25.65,25.0,1989045.0,600030
297,2019-04-10,25.35,24.95,25.38,24.57,2675711.0,600030
298,2019-04-11,24.75,24.42,25.05,24.34,1816187.0,600030
299,2019-04-12,24.42,24.27,24.62,24.03,1593524.0,600030
300,2019-04-15,24.8,23.8,24.9,23.75,2102530.0,600030
301,2019-04-16,23.7,24.5,24.5,23.26,2355309.0,600030
302,2019-04-17,24.39,24.36,24.61,24.21,1378483.0,600030
303,2019-04-18,24.36,24.28,24.64,24.22,1063508.0,600030
304,2019-04-19,24.33,24.5,24.63,24.11,1408861.0,600030
305,2019-04-22,24.74,23.79,24.82,23.71,1896332.0,600030
306,2019-04-23,23.7,23.95,24.47,23.57,1625660.0,600030
307,2019-04-24,23.94,24.18,24.28,23.78,1232361.0,600030
308,2019-04-25,24.0,23.5,24.38,23.48,1666072.0,600030
309,2019-04-26,23.38,23.59,23.95,23.37,1449303.0,600030
310,2019-04-29,23.59,23.02,23.68,22.72,1772592.0,600030
311,2019-04-30,23.05,23.04,23.29,22.91,1066745.0,600030
312,2019-05-06,21.6,20.74,21.97,20.74,2795890.0,600030
313,2019-05-07,20.94,20.75,20.98,20.12,2134660.0,600030
314,2019-05-08,20.1,20.27,20.75,20.0,1462802.0,600030
315,2019-05-09,19.98,19.78,20.2,19.76,1653380.0,600030
316,2019-05-10,20.1,20.64,20.9,19.75,2696132.0,600030
317,2019-05-13,20.2,20.04,20.38,19.9,1351193.0,600030
318,2019-05-14,19.81,19.88,20.19,19.79,1144871.0,600030
319,2019-05-15,20.07,20.3,20.37,20.0,1359898.0,600030
320,2019-05-16,20.27,20.23,20.34,20.09,913705.0,600030
321,2019-05-17,20.3,19.64,20.36,19.45,1414069.0,600030
322,2019-05-20,19.58,19.87,20.08,19.5,1135267.0,600030
323,2019-05-21,19.82,20.23,20.44,19.82,1270624.0,600030
324,2019-05-22,20.24,20.14,20.39,20.0,808034.0,600030
325,2019-05-23,19.98,20.05,20.38,19.87,1012300.0,600030
326,2019-05-24,20.1,20.07,20.25,19.98,681299.0,600030
327,2019-05-27,20.05,20.63,20.74,19.92,1666910.0,600030
328,2019-05-28,20.48,20.59,20.88,20.46,1223126.0,600030
329,2019-05-29,20.41,20.55,20.8,20.4,899946.0,600030
330,2019-05-30,20.4,20.21,20.45,20.06,951650.0,600030
331,2019-05-31,20.16,20.13,20.35,20.12,573655.0,600030
332,2019-06-03,20.29,20.19,20.66,20.08,1083301.0,600030
333,2019-06-04,20.15,20.13,20.24,19.97,663408.0,600030
334,2019-06-05,20.42,20.33,20.55,20.23,1144199.0,600030
335,2019-06-06,20.4,20.07,20.54,20.02,895867.0,600030
336,2019-06-10,20.19,20.08,20.3,19.71,1055966.0,600030
337,2019-06-11,20.08,21.09,21.16,20.04,2217439.0,600030
338,2019-06-12,20.88,20.81,21.06,20.68,1253616.0,600030
339,2019-06-13,20.75,21.01,21.21,20.71,1291286.0,600030
340,2019-06-14,21.05,20.66,21.23,20.64,965825.0,600030
341,2019-06-17,20.67,20.73,20.9,20.62,652912.0,600030
342,2019-06-18,20.78,20.85,20.94,20.6,598732.0,600030
343,2019-06-19,22.5,21.55,22.8,21.5,2567730.0,600030
344,2019-06-20,21.58,23.05,23.6,21.54,3594228.0,600030
345,2019-06-21,23.16,23.67,24.04,23.06,3178615.0,600030
346,2019-06-24,23.95,23.6,24.1,23.53,1955479.0,600030
347,2019-06-25,23.6,23.48,23.76,22.83,2248023.0,600030
348,2019-06-26,23.25,23.29,23.53,23.02,1217175.0,600030
349,2019-06-27,23.5,23.92,24.27,23.46,2193588.0,600030
350,2019-06-28,23.85,23.81,24.03,23.6,1282377.0,600030
351,2019-07-01,24.66,24.38,24.78,24.2,2510106.0,600030
352,2019-07-02,24.25,24.15,24.28,24.07,1185460.0,600030
353,2019-07-03,24.08,23.43,24.1,23.24,1680634.0,600030
354,2019-07-04,23.52,23.6,23.92,23.4,1032662.0,600030
355,2019-07-05,23.62,23.54,23.75,23.3,827339.0,600030
356,2019-07-08,23.48,23.17,23.65,22.9,1289454.0,600030
357,2019-07-09,23.35,23.23,23.44,22.92,957241.0,600030
358,2019-07-10,23.34,23.2,23.4,23.04,786532.0,600030
359,2019-07-11,23.4,23.18,23.64,22.99,1237520.0,600030
360,2019-07-12,23.14,23.37,23.41,22.9,966705.0,600030
361,2019-07-15,23.1,23.69,24.06,22.93,1502422.0,600030
362,2019-07-16,23.61,23.43,23.76,23.43,780117.0,600030
363,2019-07-17,23.26,23.09,23.4,23.01,1206503.0,600030
364,2019-07-18,22.9,22.72,22.95,22.71,867815.0,600030
365,2019-07-19,22.84,23.18,23.35,22.83,1080637.0,600030
366,2019-07-22,23.29,22.8,23.35,22.78,923064.0,600030
367,2019-07-23,22.83,22.87,23.06,22.76,501549.0,600030
368,2019-07-24,23.01,23.26,23.43,23.01,1086122.0,600030
369,2019-07-25,23.29,23.39,23.39,23.16,643832.0,600030
370,2019-07-26,23.28,23.39,23.39,23.19,536303.0,600030
371,2019-07-29,23.33,23.17,23.35,23.06,626721.0,600030
372,2019-07-30,23.2,23.41,23.64,23.16,1001973.0,600030
373,2019-07-31,23.33,23.23,23.39,23.13,633683.0,600030
374,2019-08-01,23.09,22.92,23.19,22.81,809710.0,600030
375,2019-08-02,21.9,21.71,21.97,21.68,1114826.0,600030
376,2019-08-05,21.48,20.94,21.48,20.93,1405690.0,600030
377,2019-08-06,20.39,20.85,21.08,20.16,1641234.0,600030
378,2019-08-07,20.91,20.5,20.97,20.48,992022.0,600030
379,2019-08-08,21.15,20.91,21.24,20.79,1301572.0,600030
380,2019-08-09,21.1,20.79,21.19,20.73,850866.0,600030
381,2019-08-12,21.15,21.34,21.35,21.09,1078209.0,600030
382,2019-08-13,21.1,21.07,21.17,21.0,506348.0,600030
383,2019-08-14,21.45,21.15,21.58,21.15,795424.0,600030
384,2019-08-15,20.5,21.2,21.3,20.45,719688.0,600030
385,2019-08-16,21.12,21.33,21.65,21.12,947655.0,600030
386,2019-08-19,21.88,23.13,23.17,21.67,2473638.0,600030
387,2019-08-20,23.0,22.76,23.13,22.71,1313823.0,600030
388,2019-08-21,22.7,22.64,22.87,22.57,771302.0,600030
389,2019-08-22,22.73,22.71,22.83,22.5,651203.0,600030
390,2019-08-23,22.76,22.64,22.91,22.56,882491.0,600030
391,2019-08-26,22.14,22.22,22.44,22.06,993651.0,600030
392,2019-08-27,22.41,22.77,23.04,22.35,1355030.0,600030
393,2019-08-28,22.61,22.42,22.75,22.4,723060.0,600030
394,2019-08-29,22.45,22.25,22.51,22.21,636306.0,600030
395,2019-08-30,22.55,22.32,22.79,22.1,841396.0,600030
396,2019-09-02,22.33,22.77,22.96,22.26,1211444.0,600030
397,2019-09-03,22.78,22.84,23.08,22.7,957270.0,600030
398,2019-09-04,22.8,23.33,23.44,22.73,1609647.0,600030
399,2019-09-05,23.9,23.83,24.75,23.8,3091449.0,600030
400,2019-09-06,24.31,24.15,24.39,23.88,1556021.0,600030
401,2019-09-09,24.55,24.32,24.85,24.29,1780365.0,600030
402,2019-09-10,24.4,24.2,24.44,23.74,1675992.0,600030
403,2019-09-11,24.48,24.39,24.8,24.2,2016022.0,600030
404,2019-09-12,24.5,24.71,24.81,24.22,1512289.0,600030
405,2019-09-16,24.83,24.28,24.9,24.09,1260028.0,600030
406,2019-09-17,24.15,23.53,24.15,23.45,1666264.0,600030
407,2019-09-18,23.57,23.43,23.67,23.38,784039.0,600030
408,2019-09-19,23.57,23.59,23.63,23.38,779031.0,600030
409,2019-09-20,23.62,23.34,23.62,23.09,1144043.0,600030
410,2019-09-23,23.21,22.97,23.22,22.77,1150831.0,600030
411,2019-09-24,23.12,22.96,23.34,22.91,1016007.0,600030
412,2019-09-25,22.79,22.86,23.09,22.74,664622.0,600030
413,2019-09-26,22.92,22.72,23.08,22.63,900377.0,600030
414,2019-09-27,22.69,23.05,23.05,22.69,655974.0,600030
415,2019-09-30,23.05,22.48,23.05,22.48,718607.0,600030
416,2019-10-08,22.48,22.33,22.58,22.13,781869.0,600030
417,2019-10-09,22.08,22.23,22.27,21.9,750380.0,600030
418,2019-10-10,22.22,22.39,22.47,22.15,645315.0,600030
419,2019-10-11,22.5,22.94,23.05,22.25,1174967.0,600030
420,2019-10-14,23.27,23.09,23.45,23.07,1442096.0,600030
421,2019-10-15,23.06,22.69,23.06,22.69,745833.0,600030
422,2019-10-16,22.77,22.56,22.98,22.53,630230.0,600030
423,2019-10-17,22.53,22.52,22.67,22.45,410303.0,600030
424,2019-10-18,22.64,22.0,22.67,22.0,783601.0,600030
425,2019-10-21,21.96,21.85,21.96,21.52,736385.0,600030
426,2019-10-22,21.94,22.1,22.12,21.83,461915.0,600030
427,2019-10-23,22.02,21.79,22.18,21.65,614210.0,600030
428,2019-10-24,21.84,21.85,22.05,21.68,553384.0,600030
429,2019-10-25,21.85,22.06,22.13,21.66,657780.0,600030
430,2019-10-28,22.06,22.35,22.41,21.96,750802.0,600030
431,2019-10-29,22.35,21.87,22.36,21.87,692722.0,600030
432,2019-10-31,21.95,21.7,22.05,21.51,743342.0,600030
433,2019-11-01,21.66,22.18,22.28,21.55,797094.0,600030
434,2019-11-04,22.19,22.26,22.37,22.09,749150.0,600030
435,2019-11-05,22.3,22.62,22.88,22.25,1422973.0,600030
436,2019-11-06,22.62,22.43,22.67,22.35,647450.0,600030
437,2019-11-07,22.46,22.71,22.85,22.38,846839.0,600030
438,2019-11-08,22.96,22.42,23.1,22.33,979718.0,600030
439,2019-11-11,22.29,22.0,22.3,21.97,730692.0,600030
440,2019-11-12,21.96,22.03,22.08,21.76,591916.0,600030
441,2019-11-13,21.9,21.84,22.03,21.77,481865.0,600030
442,2019-11-14,21.84,21.9,22.06,21.8,436553.0,600030
443,2019-11-15,21.95,21.71,22.07,21.69,567539.0,600030
444,2019-11-18,21.7,21.89,22.02,21.61,508904.0,600030
445,2019-11-19,21.89,22.15,22.15,21.77,654223.0,600030
446,2019-11-20,22.1,21.72,22.15,21.68,704669.0,600030
447,2019-11-21,21.52,21.64,21.8,21.51,491854.0,600030
448,2019-11-22,21.68,21.49,21.81,21.42,651100.0,600030
449,2019-11-25,21.58,21.62,21.66,21.41,469124.0,600030
450,2019-11-26,21.67,21.52,21.72,21.5,449905.0,600030
451,2019-11-27,21.48,21.43,21.52,21.23,475671.0,600030
452,2019-11-28,21.4,21.51,21.56,21.4,320645.0,600030
453,2019-11-29,21.47,21.41,21.65,21.37,493310.0,600030
454,2019-12-02,21.9,21.68,21.98,21.65,865548.0,600030
455,2019-12-03,21.51,21.85,21.89,21.48,620648.0,600030
456,2019-12-04,21.66,21.77,21.82,21.63,445274.0,600030
457,2019-12-05,21.85,22.3,22.33,21.84,1301520.0,600030
458,2019-12-06,22.31,22.38,22.46,22.17,1059059.0,600030
459,2019-12-09,22.4,22.25,22.43,22.18,696281.0,600030
460,2019-12-10,22.22,22.21,22.29,22.05,544804.0,600030
461,2019-12-11,22.28,22.23,22.45,22.15,688657.0,600030
462,2019-12-12,22.3,22.2,22.32,22.11,549902.0,600030
463,2019-12-13,22.6,23.0,23.18,22.52,2556897.0,600030
464,2019-12-16,23.1,23.32,23.49,22.83,1803460.0,600030
465,2019-12-17,23.32,23.87,24.55,23.24,2741829.0,600030
466,2019-12-18,23.84,23.8,24.28,23.75,1715991.0,600030
467,2019-12-19,23.85,23.75,23.88,23.53,1061764.0,600030
468,2019-12-20,23.81,23.58,24.1,23.58,1388117.0,600030
469,2019-12-23,23.59,23.05,23.76,23.05,1415741.0,600030
470,2019-12-24,23.01,23.18,23.19,22.95,814923.0,600030
471,2019-12-25,23.14,23.13,23.35,23.01,774069.0,600030
472,2019-12-26,23.25,23.75,23.77,23.17,1182014.0,600030
473,2019-12-27,23.7,23.33,24.08,23.32,1702761.0,600030
474,2019-12-30,23.3,25.66,25.66,23.25,6152020.0,600030
475,2019-12-31,25.59,25.3,25.72,25.0,3369729.0,600030
476,2020-01-02,25.74,25.49,25.89,25.26,3577365.0,600030
477,2020-01-03,25.34,25.38,25.63,25.1,1837992.0,600030
478,2020-01-06,25.06,25.32,25.85,25.0,2304034.0,600030
479,2020-01-07,25.4,25.7,25.75,25.1,2003054.0,600030
480,2020-01-08,25.43,24.94,25.48,24.85,2066120.0,600030
481,2020-01-09,25.33,25.44,25.56,25.21,1635603.0,600030
482,2020-01-10,25.96,25.55,26.09,25.21,1969461.0,600030
483,2020-01-13,25.45,25.97,25.98,25.03,1895103.0,600030
484,2020-01-14,25.98,25.56,26.14,25.51,1759240.0,600030
485,2020-01-15,25.4,25.32,25.59,25.2,1140791.0,600030
486,2020-01-16,25.36,25.11,25.36,25.06,1038355.0,600030
487,2020-01-17,25.27,25.36,25.75,25.23,1297342.0,600030
488,2020-01-20,25.34,25.76,25.78,25.2,1408182.0,600030
489,2020-01-21,25.47,25.17,25.65,25.11,1691808.0,600030
490,2020-01-22,24.98,25.2,25.43,24.42,2036271.0,600030
491,2020-01-23,24.69,23.9,24.86,23.62,2452483.0,600030
492,2020-02-03,21.51,21.51,21.51,21.51,753370.0,600030
493,2020-02-04,20.8,21.73,21.94,20.78,3485571.0,600030
494,2020-02-05,21.76,22.07,22.68,21.52,2427650.0,600030
495,2020-02-06,22.1,22.63,22.79,21.82,2478401.0,600030
496,2020-02-07,22.48,22.54,22.63,22.2,1836396.0,600030
497,2020-02-10,22.2,22.67,22.82,22.2,1580403.0,600030
498,2020-02-11,22.83,22.69,23.13,22.64,1763408.0,600030
499,2020-02-12,22.51,22.9,23.08,22.5,1701737.0,600030
500,2020-02-13,22.82,22.55,23.01,22.5,1493055.0,600030
501,2020-02-14,22.5,22.98,23.25,22.47,2027589.0,600030
502,2020-02-17,23.75,24.18,24.29,23.4,3209865.0,600030
503,2020-02-18,24.18,23.98,24.25,23.72,1916034.0,600030
504,2020-02-19,23.86,24.0,24.46,23.83,2083406.0,600030
505,2020-02-20,24.07,25.42,25.54,24.07,3898596.0,600030
506,2020-02-21,25.29,25.18,25.99,24.99,3535268.0,600030
507,2020-02-24,24.99,25.04,25.33,24.8,2442126.0,600030
508,2020-02-25,24.51,25.21,25.25,24.03,3280997.0,600030
509,2020-02-26,24.7,24.71,25.49,24.53,2881556.0,600030
510,2020-02-27,24.84,24.77,25.29,24.67,2063951.0,600030
511,2020-02-28,23.99,23.4,24.21,23.28,2914357.0,600030
512,2020-03-02,23.8,24.48,24.79,23.62,2543747.0,600030
513,2020-03-03,25.0,24.73,25.45,24.43,2593144.0,600030
514,2020-03-04,24.66,25.33,25.38,24.45,2760750.0,600030
515,2020-03-05,25.61,25.99,26.33,25.07,4454361.0,600030
516,2020-03-06,25.68,25.11,25.86,25.1,2630400.0,600030
517,2020-03-09,24.29,24.31,24.77,24.1,2734638.0,600030
518,2020-03-10,24.36,25.06,25.19,24.16,2644568.0,600030
519,2020-03-11,24.98,24.34,24.99,24.3,1790690.0,600030
520,2020-03-12,24.0,23.98,24.34,23.86,1696419.0,600030
521,2020-03-13,22.82,23.94,24.18,22.66,2273578.0,600030
522,2020-03-16,23.89,22.67,23.9,22.65,2057914.0,600030
523,2020-03-17,23.02,22.93,23.28,22.23,1727481.0,600030
524,2020-03-18,23.03,22.23,23.2,22.2,1521894.0,600030
525,2020-03-19,22.3,22.36,22.63,21.41,2007876.0,600030
526,2020-03-20,22.55,22.66,22.71,22.2,1213209.0,600030
527,2020-03-23,21.8,21.89,22.35,21.75,1105082.0,600030
528,2020-03-24,22.36,22.31,22.44,21.9,1188219.0,600030
529,2020-03-25,22.81,22.76,22.92,22.64,1293512.0,600030
530,2020-03-26,22.5,22.48,22.76,22.47,697849.0,600030
531,2020-03-27,22.72,22.57,23.0,22.52,905747.0,600030
532,2020-03-30,22.3,22.27,22.37,22.05,804115.0,600030
533,2020-03-31,22.52,22.16,22.58,22.15,638332.0,600030
534,2020-04-01,22.09,22.1,22.45,22.05,666733.0,600030
535,2020-04-02,22.02,22.43,22.43,22.0,775172.0,600030
536,2020-04-03,22.27,22.13,22.38,22.07,581837.0,600030
537,2020-04-07,22.55,22.58,22.65,22.4,1241184.0,600030
538,2020-04-08,22.45,22.55,22.62,22.4,757620.0,600030
539,2020-04-09,22.78,22.65,22.98,22.65,1146930.0,600030
540,2020-04-10,22.73,22.49,22.87,22.45,858502.0,600030
541,2020-04-13,22.4,22.27,22.48,22.2,584928.0,600030
542,2020-04-14,22.39,23.21,23.81,22.29,1956854.0,600030
543,2020-04-15,22.9,23.02,23.55,22.83,1518856.0,600030
544,2020-04-16,22.89,23.67,24.0,22.85,2278962.0,600030
545,2020-04-17,23.69,23.38,23.82,23.34,1504200.0,600030
546,2020-04-20,23.48,23.49,23.54,23.27,803576.0,600030
547,2020-04-21,23.33,23.17,23.35,22.96,907942.0,600030
548,2020-04-22,23.0,23.19,23.24,22.9,582120.0,600030
549,2020-04-23,23.18,22.92,23.24,22.92,623666.0,600030
550,2020-04-24,22.87,22.7,23.04,22.55,723366.0,600030
551,2020-04-27,22.75,22.83,23.05,22.71,615237.0,600030
552,2020-04-28,23.06,23.29,23.45,22.77,1343710.0,600030
553,2020-04-29,23.06,23.39,23.5,23.03,799917.0,600030
554,2020-04-30,23.6,23.7,23.88,23.52,1339571.0,600030
555,2020-05-06,23.18,23.62,23.68,23.11,1118487.0,600030
556,2020-05-07,23.62,23.41,23.75,23.4,846296.0,600030
557,2020-05-08,23.65,23.82,24.03,23.44,1527749.0,600030
558,2020-05-11,23.86,23.57,23.98,23.49,958306.0,600030
559,2020-05-12,23.71,23.63,23.78,23.46,650971.0,600030
560,2020-05-13,23.52,23.74,23.82,23.48,640345.0,600030
561,2020-05-14,23.6,23.44,23.64,23.42,654371.0,600030
562,2020-05-15,23.56,23.44,23.6,23.4,548576.0,600030
563,2020-05-18,23.4,23.08,23.43,23.05,889196.0,600030
564,2020-05-19,23.32,23.21,23.38,23.15,565102.0,600030
565,2020-05-20,23.15,23.09,23.26,23.01,666620.0,600030
566,2020-05-21,23.14,23.02,23.28,23.0,548373.0,600030
567,2020-05-22,23.03,22.3,23.03,22.3,981940.0,600030
568,2020-05-25,22.3,22.21,22.41,22.08,589972.0,600030
569,2020-05-26,22.34,22.47,22.48,22.31,546873.0,600030
570,2020-05-27,22.49,22.29,22.49,22.21,455597.0,600030
571,2020-05-28,22.31,22.48,22.75,22.22,699515.0,600030
572,2020-05-29,22.32,22.27,22.43,22.25,465583.0,600030
573,2020-06-01,22.81,23.14,23.33,22.63,1618561.0,600030
574,2020-06-02,23.05,23.02,23.17,22.9,828478.0,600030
575,2020-06-03,23.14,22.9,23.32,22.86,807511.0,600030
576,2020-06-04,23.07,22.76,23.07,22.72,592800.0,600030
577,2020-06-05,22.79,22.84,22.89,22.59,748216.0,600030
578,2020-06-08,22.98,22.97,23.14,22.85,839778.0,600030
579,2020-06-09,22.9,23.29,23.48,22.89,1131305.0,600030
580,2020-06-10,23.2,23.06,23.24,22.99,581494.0,600030
581,2020-06-11,23.04,22.79,23.23,22.78,850796.0,600030
582,2020-06-12,22.45,22.61,22.8,22.4,842159.0,600030
583,2020-06-15,22.61,22.59,23.07,22.57,1004579.0,600030
584,2020-06-16,22.82,22.86,23.0,22.75,638051.0,600030
585,2020-06-17,22.83,22.77,22.88,22.61,600807.0,600030
586,2020-06-18,22.79,23.08,23.21,22.74,1021775.0,600030
587,2020-06-19,23.15,23.85,23.99,23.09,2770131.0,600030
588,2020-06-22,23.86,24.11,24.99,23.74,2856177.0,600030
589,2020-06-23,24.0,24.04,24.22,23.73,1416648.0,600030
590,2020-06-24,24.26,24.25,24.84,24.1,1286923.0,600030
591,2020-06-29,23.8,23.5,23.9,23.41,1516309.0,600030
592,2020-06-30,23.63,24.11,24.45,23.5,1599808.0,600030
593,2020-07-01,24.1,24.72,24.74,23.93,1842300.0,600030
594,2020-07-02,24.56,26.06,26.29,24.54,4641174.0,600030
595,2020-07-03,27.1,28.67,28.67,26.36,7250830.0,600030
